Match_Status,RefId,LocalDate,paymentMethod1,Item_SubTotal,Order_SubTotal,SubTotal_Difference,Item_Discount,Order_Discount,Discount_Difference,Item_Total,Order_Total,Total_Difference,Item_Tax,Order_Tax,Tax_Difference,Is_Anomaly
❌ Anomaly,0ccc586d-2b58-404c-87c0-c35accfbf3ce,2026-03-11,BCA,125000.0,125000.0,0.0,0.0,0.0,0.0,102272.73,125000.0,-22727.27,11363.64,11363.64,0.0,true
❌ Anomaly,11c634d2-16d6-4519-89d7-6f748ab49267,2026-03-11,GrabFood - Delivery,50000.0,50000.0,0.0,0.0,0.0,0.0,40908.0,50000.0,-9092.0,4546.0,4546.0,0.0,true
❌ Anomaly,1b418693-6bd8-4b19-be3e-1ae770975643,2026-03-11,Shopeepay (Eksternal QRIS),27263.64,27263.64,0.0,19100.0,17363.64,1736.36,6363.64,9900.0,-3536.36,900.0,900.0,0.0,true
❌ Anomaly,1f2f3352-b311-4727-9184-908ae85410d9,2026-03-11,GoFood - Delivery,50000.0,50000.0,0.0,0.0,0.0,0.0,40684.68,50000.0,-9315.32,4657.66,4657.66,0.0,true
❌ Anomaly,2cc63bee-a2a7-4c96-8380-9f1f944b9830,2026-03-11,ShopeeFood,65636.36,65636.36,0.0,0.0,23636.36,-23636.36,58000.0,42000.0,16000.0,3818.18,3818.18,0.0,true
❌ Anomaly,2d19e925-0516-4808-aedb-70d5331887de,2026-03-11,BCA,70000.0,70000.0,0.0,0.0,30000.0,-30000.0,62727.27,40000.0,22727.27,3636.36,3636.36,0.0,true
❌ Anomaly,3e7954b4-811e-4dcf-a863-8ff94291bcce,2026-03-11,BCA,99000.0,99000.0,0.0,0.0,0.0,0.0,81000.0,99000.0,-18000.0,9000.0,9000.0,0.0,true
❌ Anomaly,3ea8d8e6-47d4-4ea0-9040-738704320baa,2026-03-11,BCA,22000.0,22000.0,0.0,0.0,0.0,0.0,18000.0,22000.0,-4000.0,2000.0,2000.0,0.0,true
❌ Anomaly,77ba01fd-f69d-4778-8927-06cb0f8d24c2,2026-03-11,GoFood - Delivery,166243.24,166243.24,0.0,83400.0,83400.0,0.0,59455.86,82843.24,-23387.39,11693.69,11693.69,0.0,true
❌ Anomaly,86c760a6-110e-4641-bb7c-3f54b751f6fc,2026-03-11,BCA,60363.64,60363.64,0.0,0.0,26363.64,-26363.64,54181.82,34000.0,20181.82,3090.91,3090.91,0.0,true
❌ Anomaly,9973dd58-1df1-4db0-8f91-366a7b2adc6d,2026-03-11,GoFood - Delivery,168000.0,168000.0,0.0,40000.0,40000.0,0.0,95693.69,128000.0,-32306.31,16153.15,16153.15,0.0,true
❌ Anomaly,b97571f6-7b89-40b5-8bdf-e0479bd61dbb,2026-03-11,BCA,29000.0,29000.0,0.0,0.0,0.0,0.0,23727.27,29000.0,-5272.73,2636.36,2636.36,0.0,true
❌ Anomaly,c82793a6-0452-44b8-82c0-4f10ae344a24,2026-03-11,Shopeepay (Eksternal QRIS),27263.64,27263.64,0.0,19100.0,17363.64,1736.36,6363.64,9900.0,-3536.36,900.0,900.0,0.0,true
❌ Anomaly,cb0da418-ce7d-49db-b25d-5c5f9beeed30,2026-03-11,BCA,34000.0,34000.0,0.0,0.0,0.0,0.0,27818.18,34000.0,-6181.82,3090.91,3090.91,0.0,true
❌ Anomaly,d5cd22bf-4047-47a8-ac61-5064a3f2dec5,2026-03-11,GoFood - Delivery,137000.0,137000.0,0.0,39600.0,39600.0,0.0,71237.84,97400.0,-26162.16,13081.08,13081.08,0.0,true
❌ Anomaly,d608a9ca-2d87-4a57-baeb-fd4593784b25,2026-03-11,GoFood - Delivery,60000.0,60000.0,0.0,0.0,0.0,0.0,48702.7,60000.0,-11297.3,5648.65,5648.65,0.0,true
❌ Anomaly,d7ff4916-7f50-4f32-8619-09e4b7bd00fc,2026-03-11,GoFood - Delivery,45000.0,45000.0,0.0,0.0,0.0,0.0,36675.68,45000.0,-8324.32,4162.16,4162.16,0.0,true
❌ Anomaly,eae2e134-e243-49bf-8e0a-1688b573d28e,2026-03-11,GoFood - Delivery,83000.0,83000.0,0.0,24000.0,24000.0,0.0,43144.14,59000.0,-15855.86,7927.93,7927.93,0.0,true
❌ Anomaly,02fa0263-0e88-4c3e-ad40-abf6f47367ac,2026-03-10,ShopeeFood,173909.09,173909.09,0.0,0.0,20909.09,-20909.09,146090.91,153000.0,-6909.09,13909.09,13909.09,0.0,true
❌ Anomaly,0bfc10c0-90c8-47cd-b892-42945c7e4802,2026-03-10,GoFood - Delivery,80000.0,80000.0,0.0,23100.0,23100.0,0.0,41638.74,56900.0,-15261.26,7630.63,7630.63,0.0,true
❌ Anomaly,0c1cd865-8c5d-402a-b727-f6599837719e,2026-03-10,ShopeeFood,81000.0,81000.0,0.0,0.0,0.0,0.0,66272.73,81000.0,-14727.27,7363.64,7363.64,0.0,true
❌ Anomaly,0fe5d633-4d88-4a9f-835f-503c8dc9bc98,2026-03-10,GoFood - Delivery,45000.0,45000.0,0.0,0.0,0.0,0.0,36675.68,45000.0,-8324.32,4162.16,4162.16,0.0,true
❌ Anomaly,1292b60b-e288-4768-8cec-813eddd3eac3,2026-03-10,Other,65454.55,65454.55,0.0,72000.0,65454.55,6545.45,-6545.45,0.0,-6545.45,0.0,0.0,0.0,true
❌ Anomaly,13944470-0a43-4b05-a704-ea9d1c014b99,2026-03-10,GoFood - Delivery,83000.0,83000.0,0.0,24000.0,24000.0,0.0,43144.14,59000.0,-15855.86,7927.93,7927.93,0.0,true
❌ Anomaly,16104696-6c96-4dde-9e6b-ad7a0cafd3c5,2026-03-10,Shopeepay (Eksternal QRIS),22000.0,22000.0,0.0,0.0,0.0,0.0,18000.0,22000.0,-4000.0,2000.0,2000.0,0.0,true
❌ Anomaly,17df60e8-f398-4b5d-b200-cc05ede26567,2026-03-10,BCA,68363.64,68363.64,0.0,0.0,26363.64,-26363.64,60727.27,42000.0,18727.27,3818.18,3818.18,0.0,true
❌ Anomaly,1a3303bd-d183-4c2a-a4df-c591c3aaa572,2026-03-10,GrabFood - Delivery,257700.0,257700.0,0.0,0.0,0.0,0.0,210848.0,257700.0,-46852.0,23426.0,23426.0,0.0,true
❌ Anomaly,1c24bbbc-9491-417d-996c-abe0c09fe666,2026-03-10,GoFood - Delivery,92000.0,92000.0,0.0,0.0,0.0,0.0,74360.36,92000.0,-17639.64,8819.82,8819.82,0.0,true
❌ Anomaly,1dbc5aa6-ab4d-40f2-9337-8243ce49260e,2026-03-10,Shopeepay (Eksternal QRIS),58000.0,58000.0,0.0,0.0,0.0,0.0,47454.55,58000.0,-10545.45,5272.73,5272.73,0.0,true
❌ Anomaly,1e2663e9-b5e3-4120-856c-4edac766830e,2026-03-10,Shopeepay (Eksternal QRIS),27263.64,27263.64,0.0,19100.0,17363.64,1736.36,6363.64,9900.0,-3536.36,900.0,900.0,0.0,true
❌ Anomaly,1fabe27b-5d70-4cf2-8664-310b10b7192b,2026-03-10,BCA,90000.0,90000.0,0.0,0.0,0.0,0.0,73636.36,90000.0,-16363.64,8181.82,8181.82,0.0,true
❌ Anomaly,20f61114-0037-48dd-9deb-1ad68f4b920d,2026-03-10,Shopeepay (Eksternal QRIS),27263.64,27263.64,0.0,19100.0,17363.64,1736.36,6363.64,9900.0,-3536.36,900.0,900.0,0.0,true
❌ Anomaly,210c8770-4bd9-4e13-99fb-29788c8d642b,2026-03-10,BRI,41000.0,41000.0,0.0,0.0,0.0,0.0,33545.45,41000.0,-7454.55,3727.27,3727.27,0.0,true
❌ Anomaly,25d6a9a1-56a9-499a-9e84-f331e2a7a40a,2026-03-10,GoFood - Delivery,,45000.0,-45000.0,,0.0,0.0,,45000.0,-45000.0,,4162.16,-4162.16,true
❌ Anomaly,29f60e45-004f-4626-a786-32e2d8f990f2,2026-03-10,Shopeepay (Eksternal QRIS),32000.0,32000.0,0.0,0.0,0.0,0.0,26181.82,32000.0,-5818.18,2909.09,2909.09,0.0,true
❌ Anomaly,2a38786e-5645-445f-8f06-01d5aa3cc4af,2026-03-10,GoFood - Delivery,66000.0,66000.0,0.0,0.0,0.0,0.0,53513.51,66000.0,-12486.49,6243.24,6243.24,0.0,true
❌ Anomaly,2a9d7fab-4403-4387-9848-728047dfbe38,2026-03-10,GoFood,114000.0,114000.0,0.0,0.0,0.0,0.0,93272.73,114000.0,-20727.27,10363.64,10363.64,0.0,true
❌ Anomaly,2d4670a0-387f-4a00-9c0b-4b92f2a407e9,2026-03-10,BCA,88000.0,88000.0,0.0,0.0,0.0,0.0,72000.0,88000.0,-16000.0,8000.0,8000.0,0.0,true
❌ Anomaly,32ea95c7-633b-4b95-ad30-2347a6c3a959,2026-03-10,GoFood - Delivery,93000.0,93000.0,0.0,18000.0,18000.0,0.0,57162.16,75000.0,-17837.84,8918.92,8918.92,0.0,true
❌ Anomaly,38e0fdf2-7c1c-41d5-8b3f-ad6452dde6f8,2026-03-10,GoFood - Delivery,40000.0,40000.0,0.0,0.0,0.0,0.0,32666.67,40000.0,-7333.33,3666.67,3666.67,0.0,true
❌ Anomaly,38ef0005-27ab-44cb-b9de-009e0fcce555,2026-03-10,GoFood - Delivery,97000.0,97000.0,0.0,0.0,0.0,0.0,78369.37,97000.0,-18630.63,9315.32,9315.32,0.0,true
❌ Anomaly,3b113ba3-2a90-4438-9e36-efe15cb69080,2026-03-10,GoFood - Delivery,71000.0,71000.0,0.0,0.0,0.0,0.0,57522.52,71000.0,-13477.48,6738.74,6738.74,0.0,true
❌ Anomaly,437515d1-20f7-4782-898b-f8d8e1aaa6ef,2026-03-10,GoFood - Delivery,109000.0,109000.0,0.0,0.0,0.0,0.0,88387.39,109000.0,-20612.61,10306.31,10306.31,0.0,true
❌ Anomaly,45e4181e-7762-4d3b-a898-46bd22a7ef5f,2026-03-10,GoFood - Delivery,45000.0,45000.0,0.0,0.0,0.0,0.0,36675.68,45000.0,-8324.32,4162.16,4162.16,0.0,true
❌ Anomaly,4a18f3f3-776d-46b3-bf23-87f8eed59b9c,2026-03-10,ShopeeFood,64000.0,64000.0,0.0,0.0,0.0,0.0,52363.64,64000.0,-11636.36,5818.18,5818.18,0.0,true
❌ Anomaly,4e5c8a46-9697-4c4d-9d00-2e005bb7df54,2026-03-10,GoFood - Delivery,45000.0,45000.0,0.0,0.0,0.0,0.0,36675.68,45000.0,-8324.32,4162.16,4162.16,0.0,true
❌ Anomaly,61ef8d46-1a65-46b8-9ccd-61d9d5b6940d,2026-03-10,Shopeepay (Eksternal QRIS),83000.0,83000.0,0.0,0.0,0.0,0.0,67909.09,83000.0,-15090.91,7545.45,7545.45,0.0,true
❌ Anomaly,6c616db6-7e99-4500-81fd-0c98fc520df3,2026-03-10,GoFood - Delivery,45000.0,45000.0,0.0,0.0,0.0,0.0,36675.68,45000.0,-8324.32,4162.16,4162.16,0.0,true
❌ Anomaly,6e95589e-d67f-404b-81cd-c1d2baecca30,2026-03-10,Shopeepay (Eksternal QRIS),64909.09,64909.09,0.0,0.0,909.09,-909.09,53272.73,64000.0,-10727.27,5818.18,5818.18,0.0,true
❌ Anomaly,6fdd1712-97ab-43be-9517-f8525b15d8ea,2026-03-10,GoFood - Delivery,85000.0,85000.0,0.0,0.0,0.0,0.0,68747.75,85000.0,-16252.25,8126.13,8126.13,0.0,true
❌ Anomaly,793602c0-9b16-42a0-8c3b-e479b9620417,2026-03-10,GoFood - Delivery,87000.0,87000.0,0.0,25200.0,25200.0,0.0,45151.35,61800.0,-16648.65,8324.32,8324.32,0.0,true
❌ Anomaly,8d03a644-ee72-4737-8cec-43c6587aba76,2026-03-10,GrabFood - Delivery,159001.0,159001.0,0.0,0.0,0.0,0.0,130087.0,159001.0,-28914.0,14457.0,14457.0,0.0,true
❌ Anomaly,8fed988a-b95c-43e6-acec-4519c9c7299b,2026-03-10,GoFood - Delivery,337000.0,337000.0,0.0,40000.0,40000.0,0.0,232189.19,297000.0,-64810.81,32405.41,32405.41,0.0,true
❌ Anomaly,90ae0b43-442f-4b1d-8ade-7ff43bac0371,2026-03-10,GoFood - Delivery,113000.0,113000.0,0.0,32400.0,32400.0,0.0,59194.59,80600.0,-21405.41,10702.7,10702.7,0.0,true
❌ Anomaly,948d9b5e-a86e-4f82-a389-06be03af84f8,2026-03-10,Shopeepay (Eksternal QRIS),34000.0,34000.0,0.0,0.0,0.0,0.0,27818.18,34000.0,-6181.82,3090.91,3090.91,0.0,true
❌ Anomaly,974d3fd1-5922-42a8-a761-b28e8263ea7e,2026-03-10,GoFood - Delivery,71000.0,71000.0,0.0,0.0,0.0,0.0,57522.52,71000.0,-13477.48,6738.74,6738.74,0.0,true
❌ Anomaly,9bb774bd-8566-4331-8d1b-a165af6bf8ba,2026-03-10,ShopeeFood,50000.0,50000.0,0.0,0.0,0.0,0.0,40909.09,50000.0,-9090.91,4545.45,4545.45,0.0,true
❌ Anomaly,b3c248c1-8f3a-4ede-a407-295b87c90ecb,2026-03-10,GoFood - Delivery,112000.0,112000.0,0.0,0.0,0.0,0.0,90792.79,112000.0,-21207.21,10603.6,10603.6,0.0,true
❌ Anomaly,b5a96a5c-5c91-46a7-9528-83677b5aabd3,2026-03-10,BRI,29000.0,29000.0,0.0,0.0,0.0,0.0,23727.27,29000.0,-5272.73,2636.36,2636.36,0.0,true
❌ Anomaly,b72cc9e4-439f-4f09-aff9-44872f18a4d0,2026-03-10,GoFood - Delivery,56000.0,56000.0,0.0,0.0,0.0,0.0,45495.5,56000.0,-10504.5,5252.25,5252.25,0.0,true
❌ Anomaly,c1a170eb-960d-442e-b92c-08c472901ef4,2026-03-10,GrabFood - Delivery,57001.0,57001.0,0.0,0.0,0.0,0.0,46635.0,57001.0,-10366.0,5183.0,5183.0,0.0,true
❌ Anomaly,ca09c5a4-2fbc-4c20-82cd-506cbc8b3607,2026-03-10,GrabFood - Delivery,172000.0,172000.0,0.0,0.0,0.0,0.0,140728.0,172000.0,-31272.0,15636.0,15636.0,0.0,true
❌ Anomaly,d1a92f40-58ae-4ea2-b505-bbf505c5edc1,2026-03-10,Other,66818.18,66818.18,0.0,35000.0,31818.18,3181.82,25454.55,35000.0,-9545.45,3181.82,3181.82,0.0,true
❌ Anomaly,d8d92937-91f1-41e8-a188-8fc3906b4b6b,2026-03-10,GoFood - Delivery,,160000.0,-160000.0,,40000.0,-40000.0,,120000.0,-120000.0,,15360.36,-15360.36,true
❌ Anomaly,df4502f9-0a3b-47bb-8fae-7a84d9a89c51,2026-03-10,GrabFood - Delivery,400003.0,400003.0,0.0,0.0,0.0,0.0,327271.0,400003.0,-72732.0,36366.0,36366.0,0.0,true
❌ Anomaly,e857c505-789a-4ebd-b594-2ce231dd831f,2026-03-10,BCA,52000.0,52000.0,0.0,0.0,0.0,0.0,42545.45,52000.0,-9454.55,4727.27,4727.27,0.0,true
❌ Anomaly,e9d70eb0-0b9a-46bd-9576-453f8f09cc78,2026-03-10,ShopeeFood,33000.0,33000.0,0.0,0.0,0.0,0.0,27000.0,33000.0,-6000.0,3000.0,3000.0,0.0,true
❌ Anomaly,f94b7e8d-4eae-443e-b7c1-60d00e721442,2026-03-10,ShopeeFood,33136.36,33136.36,0.0,0.0,8636.36,-8636.36,28681.82,24500.0,4181.82,2227.27,2227.27,0.0,true
❌ Anomaly,fc24c539-abc1-4330-b6c6-50e872db1337,2026-03-10,Shopeepay (Eksternal QRIS),27263.64,27263.64,0.0,19100.0,17363.64,1736.36,6363.64,9900.0,-3536.36,900.0,900.0,0.0,true
❌ Anomaly,03228613-cafa-4565-a9f9-317c93839f8d,2026-03-09,GoFood - Delivery,46000.0,46000.0,0.0,0.0,0.0,0.0,37477.48,46000.0,-8522.52,4261.26,4261.26,0.0,true
❌ Anomaly,13b45d44-b138-469d-ba73-403c2f76b832,2026-03-09,GoFood - Delivery,,150000.0,-150000.0,,40000.0,-40000.0,,110000.0,-110000.0,,14369.37,-14369.37,true
❌ Anomaly,153564ef-76d6-4dd7-8f75-223183cbaae5,2026-03-09,GoFood - Delivery,197000.0,197000.0,0.0,40000.0,40000.0,0.0,118945.95,157000.0,-38054.05,19027.03,19027.03,0.0,true
❌ Anomaly,15bc42ad-29b8-4f59-a9e8-5982f76cbd05,2026-03-09,BRI,94000.0,94000.0,0.0,0.0,0.0,0.0,76909.09,94000.0,-17090.91,8545.45,8545.45,0.0,true
❌ Anomaly,175df913-70a9-403a-905a-4693f5ccc1ab,2026-03-09,ShopeeFood,40000.0,40000.0,0.0,0.0,0.0,0.0,32727.27,40000.0,-7272.73,3636.36,3636.36,0.0,true
❌ Anomaly,21520589-51a7-4f8a-826d-99fc9c3b0830,2026-03-09,GoFood - Delivery,54000.0,54000.0,0.0,0.0,0.0,0.0,43891.89,54000.0,-10108.11,5054.05,5054.05,0.0,true
❌ Anomaly,23471d90-dee9-4b0e-ae55-89566775d990,2026-03-09,GrabFood - Delivery,122000.0,122000.0,0.0,0.0,0.0,0.0,99818.0,122000.0,-22182.0,11091.0,11091.0,0.0,true
❌ Anomaly,241e6517-527f-46b5-8455-4380efb508b1,2026-03-09,GoFood - Delivery,,150000.0,-150000.0,,40000.0,-40000.0,,110000.0,-110000.0,,14369.37,-14369.37,true
❌ Anomaly,2b94998f-0019-4bba-8811-35b56263767d,2026-03-09,GrabFood - Delivery,52000.0,52000.0,0.0,0.0,0.0,0.0,42544.0,52000.0,-9456.0,4728.0,4728.0,0.0,true
❌ Anomaly,2c7e6e56-6993-4295-9f85-6800f54920f4,2026-03-09,BCA,28000.0,28000.0,0.0,0.0,0.0,0.0,22909.09,28000.0,-5090.91,2545.45,2545.45,0.0,true
❌ Anomaly,2ee56707-56ce-4dc8-9444-e56d772badd1,2026-03-09,BRI,43000.0,43000.0,0.0,0.0,0.0,0.0,35181.82,43000.0,-7818.18,3909.09,3909.09,0.0,true
❌ Anomaly,31489114-be7d-473f-b810-5253425b080a,2026-03-09,BRI,107000.0,107000.0,0.0,0.0,0.0,0.0,87545.45,107000.0,-19454.55,9727.27,9727.27,0.0,true
❌ Anomaly,32e8b2cb-02ba-4574-ac18-922d8ca86753,2026-03-09,GoFood - Delivery,224000.0,224000.0,0.0,40000.0,40000.0,0.0,141585.59,184000.0,-42414.41,21207.21,21207.21,0.0,true
❌ Anomaly,3b183fb7-c7aa-4467-bbfc-85434c40532a,2026-03-09,BRI,90818.0,90818.0,0.0,0.0,0.0,0.0,74305.64,90818.0,-16512.36,8256.18,8256.18,0.0,true
❌ Anomaly,3b20a6a3-15cc-45a3-b54b-e39fb5b61211,2026-03-09,BRI,36000.0,36000.0,0.0,0.0,0.0,0.0,29454.55,36000.0,-6545.45,3272.73,3272.73,0.0,true
❌ Anomaly,3de65142-c8e2-45ce-afa8-6cf98f90b929,2026-03-09,GrabFood - Delivery,122002.0,122002.0,0.0,0.0,0.0,0.0,99816.0,122002.0,-22186.0,11093.0,11093.0,0.0,true
❌ Anomaly,434631b2-aae8-4d29-9a86-d2bf6b53ea6b,2026-03-09,GoFood - Delivery,178000.0,178000.0,0.0,40000.0,40000.0,0.0,103711.71,138000.0,-34288.29,17144.14,17144.14,0.0,true
❌ Anomaly,4a5a433f-e561-4317-9a25-af02f5391479,2026-03-09,BRI,43000.0,43000.0,0.0,0.0,0.0,0.0,35181.82,43000.0,-7818.18,3909.09,3909.09,0.0,true
❌ Anomaly,4c959f47-4e1e-4d72-a7fb-235ad2a9c50b,2026-03-09,GrabFood - Delivery,46000.0,46000.0,0.0,0.0,0.0,0.0,37636.0,46000.0,-8364.0,4182.0,4182.0,0.0,true
❌ Anomaly,4d15ba7c-0c0a-4559-a05b-3723f8a90034,2026-03-09,GoFood - Delivery,43000.0,43000.0,0.0,0.0,0.0,0.0,35072.07,43000.0,-7927.93,3963.96,3963.96,0.0,true
❌ Anomaly,4eb05f57-58cd-491b-8cf1-a486a22aa4ce,2026-03-09,BRI,47000.0,47000.0,0.0,0.0,0.0,0.0,38454.55,47000.0,-8545.45,4272.73,4272.73,0.0,true
❌ Anomaly,527feef5-71d5-42b2-af43-027b4673c879,2026-03-09,ShopeeFood,76000.0,76000.0,0.0,0.0,0.0,0.0,62181.82,76000.0,-13818.18,6909.09,6909.09,0.0,true
❌ Anomaly,57b12083-0ce9-40c0-9a1f-2ec427a5421f,2026-03-09,GoFood - Delivery,141000.0,141000.0,0.0,40000.0,40000.0,0.0,74045.05,101000.0,-26954.95,13477.48,13477.48,0.0,true
❌ Anomaly,63d63381-2c4a-4625-af0e-76060e105763,2026-03-09,GoFood - Delivery,48000.0,48000.0,0.0,0.0,0.0,0.0,39081.08,48000.0,-8918.92,4459.46,4459.46,0.0,true
❌ Anomaly,6826f133-cb8b-425f-8156-af0f7e4016ee,2026-03-09,GoFood - Delivery,186243.24,186243.24,0.0,88000.0,88000.0,0.0,70891.89,98243.24,-27351.35,13675.68,13675.68,0.0,true
❌ Anomaly,6935aa46-2bc3-4e9c-875f-c3b6e9a45c40,2026-03-09,GoFood - Delivery,90000.0,90000.0,0.0,0.0,0.0,0.0,72756.76,90000.0,-17243.24,8621.62,8621.62,0.0,true
❌ Anomaly,70670820-d66c-41f4-87df-aae59bfe0346,2026-03-09,GoFood - Delivery,79000.0,79000.0,0.0,0.0,0.0,0.0,63936.94,79000.0,-15063.06,7531.53,7531.53,0.0,true
❌ Anomaly,7276f8b5-74d3-4622-a00f-838f16a29bde,2026-03-09,GoFood - Delivery,68000.0,68000.0,0.0,0.0,0.0,0.0,55117.12,68000.0,-12882.88,6441.44,6441.44,0.0,true
❌ Anomaly,72f6df95-58db-4bdc-9ee1-f10cb79d5117,2026-03-09,GoFood - Delivery,105000.0,105000.0,0.0,0.0,0.0,0.0,85180.18,105000.0,-19819.82,9909.91,9909.91,0.0,true
❌ Anomaly,8435009a-6ada-4946-80d8-0fc434df0d75,2026-03-09,GoFood - Delivery,140000.0,140000.0,0.0,35000.0,35000.0,0.0,78243.24,105000.0,-26756.76,13378.38,13378.38,0.0,true
❌ Anomaly,8c0583f4-7cf3-440a-b8e9-db1e99ffa055,2026-03-09,GoFood - Delivery,,61000.0,-61000.0,,0.0,0.0,,61000.0,-61000.0,,5747.75,-5747.75,true
❌ Anomaly,8ed3c198-23b0-4170-aea8-d16b5dd6f8ad,2026-03-09,GoFood - Delivery,148000.0,148000.0,0.0,40000.0,40000.0,0.0,79657.66,108000.0,-28342.34,14171.17,14171.17,0.0,true
❌ Anomaly,8eda9cb5-89ff-4c05-8558-8984aaaf037e,2026-03-09,BCA,56000.0,56000.0,0.0,0.0,0.0,0.0,45818.18,56000.0,-10181.82,5090.91,5090.91,0.0,true
❌ Anomaly,8f4f16a4-ec06-47e5-8e0e-20f252df0121,2026-03-09,BRI,84000.0,84000.0,0.0,0.0,0.0,0.0,68727.27,84000.0,-15272.73,7636.36,7636.36,0.0,true
❌ Anomaly,90bcaa6f-bf62-475e-9100-f4718d91644a,2026-03-09,GrabFood - Delivery,96000.0,96000.0,0.0,0.0,0.0,0.0,78544.0,96000.0,-17456.0,8728.0,8728.0,0.0,true
❌ Anomaly,9d2bfb52-cc93-4e6b-a32d-cf845ce6347e,2026-03-09,GoFood - Delivery,81000.0,81000.0,0.0,23400.0,23400.0,0.0,42140.54,57600.0,-15459.46,7729.73,7729.73,0.0,true
❌ Anomaly,9e533872-19d5-416d-b71d-de2e10b2e70d,2026-03-09,GoFood - Delivery,121000.0,121000.0,0.0,34800.0,34800.0,0.0,63209.01,86200.0,-22990.99,11495.5,11495.5,0.0,true
❌ Anomaly,a0e0a73b-7ee4-487c-9973-370ed8fd94d9,2026-03-09,GoFood - Delivery,44000.0,44000.0,0.0,0.0,0.0,0.0,35873.87,44000.0,-8126.13,4063.06,4063.06,0.0,true
❌ Anomaly,a41f66ee-7bda-4d17-b0de-7d355e37211f,2026-03-09,GoFood - Delivery,39000.0,39000.0,0.0,0.0,0.0,0.0,31864.86,39000.0,-7135.13,3567.57,3567.57,0.0,true
❌ Anomaly,a60ba93a-c991-460c-8bd1-4f1591ddd37d,2026-03-09,GoFood - Delivery,115000.0,115000.0,0.0,33000.0,33000.0,0.0,60198.2,82000.0,-21801.8,10900.9,10900.9,0.0,true
❌ Anomaly,a70a925f-7dab-4479-a085-f25d6e822b03,2026-03-09,GrabFood - Delivery,71000.0,71000.0,0.0,0.0,0.0,0.0,58090.0,71000.0,-12910.0,6455.0,6455.0,0.0,true
❌ Anomaly,ac5e2e84-83d2-4d11-bc7a-e65a06f1a929,2026-03-09,GoFood - Delivery,53000.0,53000.0,0.0,0.0,0.0,0.0,43090.09,53000.0,-9909.91,4954.95,4954.95,0.0,true
❌ Anomaly,acd4abc6-6135-4f33-a4b3-6c83d70b7543,2026-03-09,GoFood - Delivery,111000.0,111000.0,0.0,31800.0,31800.0,0.0,58190.99,79200.0,-21009.01,10504.5,10504.5,0.0,true
❌ Anomaly,b66c1b2f-79a9-4503-96be-b6933971ba48,2026-03-09,GrabFood - Delivery,66000.0,66000.0,0.0,0.0,0.0,0.0,54000.0,66000.0,-12000.0,6000.0,6000.0,0.0,true
❌ Anomaly,b8cbf15d-2776-4b6d-ad44-5c0fc52af86a,2026-03-09,GoFood - Delivery,46000.0,46000.0,0.0,0.0,0.0,0.0,37477.48,46000.0,-8522.52,4261.26,4261.26,0.0,true
❌ Anomaly,ba46b45d-246a-463d-a656-0b0b67d969d9,2026-03-09,ShopeeFood,124000.0,124000.0,0.0,0.0,0.0,0.0,101454.55,124000.0,-22545.45,11272.73,11272.73,0.0,true
❌ Anomaly,e19891bb-8dc4-44fa-b1e1-0cadff33aef1,2026-03-09,BRI,36000.0,36000.0,0.0,0.0,0.0,0.0,29454.55,36000.0,-6545.45,3272.73,3272.73,0.0,true
❌ Anomaly,e7f04020-49a5-47f3-ad20-c9a7f022ebd9,2026-03-09,GoFood - Delivery,77000.0,77000.0,0.0,0.0,0.0,0.0,62333.33,77000.0,-14666.67,7333.33,7333.33,0.0,true
❌ Anomaly,ec603648-3ab6-445c-9acb-454d963d672a,2026-03-09,BRI,41000.0,41000.0,0.0,0.0,0.0,0.0,33545.45,41000.0,-7454.55,3727.27,3727.27,0.0,true
❌ Anomaly,ed80f53a-bd65-4c6a-8ef5-28ae297dc9fb,2026-03-09,GrabFood - Delivery,153000.0,153000.0,0.0,0.0,0.0,0.0,125180.0,153000.0,-27820.0,13910.0,13910.0,0.0,true
❌ Anomaly,ef785a22-d96e-40b2-be85-acd95d00e950,2026-03-09,ShopeeFood,93000.0,93000.0,0.0,0.0,0.0,0.0,76090.91,93000.0,-16909.09,8454.55,8454.55,0.0,true
❌ Anomaly,f0077653-8426-4aba-9a1a-987a8b183664,2026-03-09,GoFood - Delivery,27000.0,27000.0,0.0,0.0,0.0,0.0,22243.24,27000.0,-4756.76,2378.38,2378.38,0.0,true
❌ Anomaly,f0800482-f9a2-4891-8444-e9250c1a115b,2026-03-09,GoFood - Delivery,112000.0,112000.0,0.0,32100.0,32100.0,0.0,58692.79,79900.0,-21207.21,10603.6,10603.6,0.0,true
❌ Anomaly,f0d2043c-1174-4341-9d81-7d99c0527715,2026-03-09,GoFood - Delivery,45000.0,45000.0,0.0,0.0,0.0,0.0,36675.68,45000.0,-8324.32,4162.16,4162.16,0.0,true
❌ Anomaly,fc7a8515-e1c5-41a4-a0d7-b208411b01f5,2026-03-09,GoFood - Delivery,39000.0,39000.0,0.0,0.0,0.0,0.0,31864.86,39000.0,-7135.13,3567.57,3567.57,0.0,true
❌ Anomaly,0c0fb799-dfc1-4a99-bef2-acb0a842eea8,2026-03-08,GrabFood,63000.0,63000.0,0.0,0.0,0.0,0.0,51545.45,63000.0,-11454.55,5727.27,5727.27,0.0,true
❌ Anomaly,13726c90-fc63-454a-a212-e80a9296c3f1,2026-03-08,BRI,85000.0,85000.0,0.0,0.0,0.0,0.0,69545.45,85000.0,-15454.55,7727.27,7727.27,0.0,true
❌ Anomaly,13b6a799-2004-4935-92be-64954dbe4667,2026-03-08,GoFood,116000.0,116000.0,0.0,0.0,0.0,0.0,94909.09,116000.0,-21090.91,10545.45,10545.45,0.0,true
❌ Anomaly,147fd20c-4b8e-4230-bb42-aa886c799d04,2026-03-08,ShopeeFood,46000.0,46000.0,0.0,0.0,0.0,0.0,37636.36,46000.0,-8363.64,4181.82,4181.82,0.0,true
❌ Anomaly,1c1dc0eb-5458-4a61-9969-cf49f4b748b7,2026-03-08,BRI,43000.0,43000.0,0.0,0.0,0.0,0.0,35181.82,43000.0,-7818.18,3909.09,3909.09,0.0,true
❌ Anomaly,1dc6aed7-0161-4aca-8e62-603747fb02ee,2026-03-08,BRI,68000.0,68000.0,0.0,0.0,0.0,0.0,55636.36,68000.0,-12363.64,6181.82,6181.82,0.0,true
❌ Anomaly,21705032-636a-4c18-91e7-f4e4bbf25ccf,2026-03-08,GrabFood,70000.0,70000.0,0.0,0.0,0.0,0.0,57272.73,70000.0,-12727.27,6363.64,6363.64,0.0,true
❌ Anomaly,2474b8bc-fb2b-4da9-8df9-d93a16ca4aa2,2026-03-08,ShopeeFood,71000.0,71000.0,0.0,0.0,0.0,0.0,58090.91,71000.0,-12909.09,6454.55,6454.55,0.0,true
❌ Anomaly,287be9aa-8fc4-407f-aa68-02607ebb1e8d,2026-03-08,GoFood - Delivery,59000.0,59000.0,0.0,0.0,0.0,0.0,47900.9,59000.0,-11099.1,5549.55,5549.55,0.0,true
❌ Anomaly,30232dcc-bfa6-46e2-bed6-7be352c0a12f,2026-03-08,GoFood - Delivery,111000.0,111000.0,0.0,0.0,0.0,0.0,89990.99,111000.0,-21009.01,10504.5,10504.5,0.0,true
❌ Anomaly,31060d8c-2b9d-4396-9fe1-8b890f12223d,2026-03-08,GoFood - Delivery,133351.35,133351.35,0.0,80700.0,80700.0,0.0,36993.69,52651.35,-15657.66,7828.83,7828.83,0.0,true
❌ Anomaly,337c66b9-26d6-48f4-a964-d6fe6d01c5aa,2026-03-08,BRI,43000.0,43000.0,0.0,0.0,0.0,0.0,35181.82,43000.0,-7818.18,3909.09,3909.09,0.0,true
❌ Anomaly,3520c052-6e72-47cb-b13f-dbe692e08255,2026-03-08,GrabFood,39000.0,39000.0,0.0,0.0,0.0,0.0,31909.09,39000.0,-7090.91,3545.45,3545.45,0.0,true
❌ Anomaly,3ac31552-93e0-40ae-bfd2-b0ba10e3eb3c,2026-03-08,GoFood - Delivery,73000.0,73000.0,0.0,31500.0,31500.0,0.0,27626.13,41500.0,-13873.87,6936.94,6936.94,0.0,true
❌ Anomaly,3b61c28f-2f50-41f4-9bda-5881675e942e,2026-03-08,BRI,44000.0,44000.0,0.0,0.0,0.0,0.0,36000.0,44000.0,-8000.0,4000.0,4000.0,0.0,true
❌ Anomaly,3bdfefaf-1bb1-4489-87ec-d3edaa45eb28,2026-03-08,GoFood - Delivery,117000.0,117000.0,0.0,33600.0,33600.0,0.0,61201.8,83400.0,-22198.2,11099.1,11099.1,0.0,true
❌ Anomaly,41a8ab90-4d2b-4a2c-9989-82b2446140b4,2026-03-08,GoFood - Delivery,34000.0,34000.0,0.0,0.0,0.0,0.0,27855.86,34000.0,-6144.14,3072.07,3072.07,0.0,true
❌ Anomaly,4b534925-3c42-4f1c-ae48-2a8758e8d419,2026-03-08,ShopeeFood,76000.0,76000.0,0.0,0.0,0.0,0.0,62181.82,76000.0,-13818.18,6909.09,6909.09,0.0,true
❌ Anomaly,4c6bbae9-fe31-4ce4-893b-00f29e2307aa,2026-03-08,ShopeeFood,98000.0,98000.0,0.0,0.0,0.0,0.0,80181.82,98000.0,-17818.18,8909.09,8909.09,0.0,true
❌ Anomaly,4cde0564-6cda-45f6-9671-25acd03e054d,2026-03-08,ShopeeFood,46000.0,46000.0,0.0,0.0,0.0,0.0,37636.36,46000.0,-8363.64,4181.82,4181.82,0.0,true
❌ Anomaly,4f3642e6-7e95-4701-84f3-114c1f12ba32,2026-03-08,BRI,153000.0,153000.0,0.0,0.0,0.0,0.0,125181.82,153000.0,-27818.18,13909.09,13909.09,0.0,true
❌ Anomaly,50a0fb87-21e0-40b8-8f07-7a2f0281efad,2026-03-08,GoFood - Delivery,214000.0,214000.0,0.0,40000.0,40000.0,0.0,133567.57,174000.0,-40432.43,20216.22,20216.22,0.0,true
❌ Anomaly,5743d7f4-dc7a-4be7-b9e5-990d7ea41957,2026-03-08,GrabFood,72363.64,72363.64,0.0,0.0,26363.64,-26363.64,64000.0,46000.0,18000.0,4181.82,4181.82,0.0,true
❌ Anomaly,60825439-3084-4f04-b984-19875e379def,2026-03-08,ShopeeFood,33318.18,33318.18,0.0,0.0,6818.18,-6818.18,28500.0,26500.0,2000.0,2409.09,2409.09,0.0,true
❌ Anomaly,63a15e5d-ef78-473f-a3db-b4df81c0873a,2026-03-08,BRI,22000.0,22000.0,0.0,0.0,0.0,0.0,18000.0,22000.0,-4000.0,2000.0,2000.0,0.0,true
❌ Anomaly,684141c3-10a9-491d-8c1e-72e3911b3d5a,2026-03-08,GoFood - Delivery,102000.0,102000.0,0.0,0.0,0.0,0.0,82378.38,102000.0,-19621.62,9810.81,9810.81,0.0,true
❌ Anomaly,68834d3b-b602-4262-b35f-9b39cf2dcef6,2026-03-08,BRI,22000.0,22000.0,0.0,0.0,0.0,0.0,18000.0,22000.0,-4000.0,2000.0,2000.0,0.0,true
❌ Anomaly,6899481c-8f70-46b9-919e-00bd8c3c6ecc,2026-03-08,BRI,111818.0,111818.0,0.0,0.0,0.0,0.0,91487.45,111818.0,-20330.55,10165.27,10165.27,0.0,true
❌ Anomaly,6f8c0d96-3f58-4108-b5c7-342bf6d6dfa1,2026-03-08,GoFood - Delivery,394000.0,394000.0,0.0,40000.0,40000.0,0.0,277891.89,354000.0,-76108.11,38054.05,38054.05,0.0,true
❌ Anomaly,70f90f2e-7b4d-4394-a63c-06ce99991f54,2026-03-08,BRI,64000.0,64000.0,0.0,0.0,0.0,0.0,52363.64,64000.0,-11636.36,5818.18,5818.18,0.0,true
❌ Anomaly,71de3147-bba4-4bbb-b9e8-1778696ec1d1,2026-03-08,GoFood - Delivery,,27000.0,-27000.0,,0.0,0.0,,27000.0,-27000.0,,2378.38,-2378.38,true
❌ Anomaly,738e7923-f9ac-48f8-94d9-2cae7efdfc86,2026-03-08,GoFood - Delivery,,124000.0,-124000.0,,35700.0,-35700.0,,88300.0,-88300.0,,11792.79,-11792.79,true
❌ Anomaly,79c61e57-0b07-4af2-8b04-21e5c68aa2b7,2026-03-08,GoFood - Delivery,129000.0,129000.0,0.0,37200.0,37200.0,0.0,67223.42,91800.0,-24576.58,12288.29,12288.29,0.0,true
❌ Anomaly,7f2ceae1-47bc-4bef-abfe-75220c8978e7,2026-03-08,BCA,29000.0,29000.0,0.0,0.0,0.0,0.0,23727.27,29000.0,-5272.73,2636.36,2636.36,0.0,true
❌ Anomaly,81fc8149-d4c1-41e8-8cb6-6357019935cf,2026-03-08,GoFood - Delivery,73000.0,73000.0,0.0,0.0,0.0,0.0,59126.13,73000.0,-13873.87,6936.94,6936.94,0.0,true
❌ Anomaly,8cced2f8-4d34-431a-bf40-1851e6101900,2026-03-08,GrabFood,109000.0,109000.0,0.0,0.0,0.0,0.0,89181.82,109000.0,-19818.18,9909.09,9909.09,0.0,true
❌ Anomaly,9b86bbb9-4c93-4e61-9a45-a8bab72eafcd,2026-03-08,ShopeeFood,39000.0,39000.0,0.0,0.0,0.0,0.0,31909.09,39000.0,-7090.91,3545.45,3545.45,0.0,true
❌ Anomaly,9e588db3-0722-43e4-9ec4-ba59ff27f9cf,2026-03-08,BRI,76000.0,76000.0,0.0,0.0,0.0,0.0,62181.82,76000.0,-13818.18,6909.09,6909.09,0.0,true
❌ Anomaly,b1383e4e-b49e-4b73-929f-bd87a3cedec7,2026-03-08,BRI,36000.0,36000.0,0.0,0.0,0.0,0.0,29454.55,36000.0,-6545.45,3272.73,3272.73,0.0,true
❌ Anomaly,b26dac06-bd32-4bed-a0a5-4a76319772ac,2026-03-08,GoFood - Delivery,95000.0,95000.0,0.0,0.0,0.0,0.0,76765.77,95000.0,-18234.23,9117.12,9117.12,0.0,true
❌ Anomaly,b3baccc9-3351-4b06-b8ea-484dda5d898d,2026-03-08,BRI,35000.0,35000.0,0.0,0.0,0.0,0.0,28636.36,35000.0,-6363.64,3181.82,3181.82,0.0,true
❌ Anomaly,b5f2d830-d65a-41a9-87ef-bc85e197fc0c,2026-03-08,ShopeeFood,71909.09,71909.09,0.0,0.0,909.09,-909.09,59000.0,71000.0,-12000.0,6454.55,6454.55,0.0,true
❌ Anomaly,b5fe63e0-3531-4348-9543-a5647977eaed,2026-03-08,ShopeeFood,23536.36,23536.36,0.0,0.0,4636.36,-4636.36,20100.0,18900.0,1200.0,1718.18,1718.18,0.0,true
❌ Anomaly,b8886a5b-5e71-462a-b118-3356d2d69393,2026-03-08,GoFood - Delivery,71000.0,71000.0,0.0,0.0,0.0,0.0,57522.52,71000.0,-13477.48,6738.74,6738.74,0.0,true
❌ Anomaly,bd5c2318-03d9-4ac8-8ba4-3ecc11e6f0fa,2026-03-08,BRI,87000.0,87000.0,0.0,0.0,0.0,0.0,71181.82,87000.0,-15818.18,7909.09,7909.09,0.0,true
❌ Anomaly,c311afd4-2b08-4eff-9333-fcb152a073f1,2026-03-08,ShopeeFood,82000.0,82000.0,0.0,0.0,0.0,0.0,67090.91,82000.0,-14909.09,7454.55,7454.55,0.0,true
❌ Anomaly,c50279ec-3dca-4858-a1e1-7ea58ece5498,2026-03-08,BRI,69000.0,69000.0,0.0,0.0,0.0,0.0,56454.55,69000.0,-12545.45,6272.73,6272.73,0.0,true
❌ Anomaly,c8d70337-1f78-43ef-af6f-03e554f8eb61,2026-03-08,BRI,36000.0,36000.0,0.0,0.0,0.0,0.0,29454.55,36000.0,-6545.45,3272.73,3272.73,0.0,true
❌ Anomaly,d5250f62-0247-48e8-8d1d-9a940fa20563,2026-03-08,GoFood - Delivery,,66621.62,-66621.62,,24000.0,-24000.0,,42621.62,-42621.62,,4162.16,-4162.16,true
❌ Anomaly,d583da96-5e36-4c4f-bab7-b77bb3e53c93,2026-03-08,GoFood - Delivery,81000.0,81000.0,0.0,0.0,0.0,0.0,65540.54,81000.0,-15459.46,7729.73,7729.73,0.0,true
❌ Anomaly,d5936337-6f61-4069-8ba4-8ad050fd911c,2026-03-08,BRI,64454.55,64454.55,0.0,0.0,15454.55,-15454.55,55545.45,49000.0,6545.45,4454.55,4454.55,0.0,true
❌ Anomaly,de765f64-18e1-4503-aff5-ce1b64d20926,2026-03-08,ShopeeFood,71000.0,71000.0,0.0,0.0,0.0,0.0,58090.91,71000.0,-12909.09,6454.55,6454.55,0.0,true
❌ Anomaly,e144cfd5-d0a7-47c7-ac67-a80271f3a0ae,2026-03-08,BRI,67000.0,67000.0,0.0,0.0,0.0,0.0,54818.18,67000.0,-12181.82,6090.91,6090.91,0.0,true
❌ Anomaly,e5aead42-0b89-4ded-b54c-46ff91b9d425,2026-03-08,GoFood - Delivery,41000.0,41000.0,0.0,0.0,0.0,0.0,33468.47,41000.0,-7531.53,3765.77,3765.77,0.0,true
❌ Anomaly,e7a54808-fb20-4344-ab22-1c9260435077,2026-03-08,BRI,80000.0,80000.0,0.0,0.0,0.0,0.0,65454.55,80000.0,-14545.45,7272.73,7272.73,0.0,true
❌ Anomaly,e82b382a-2379-4e32-9e84-8fe5217a97f1,2026-03-08,BRI,29000.0,29000.0,0.0,0.0,0.0,0.0,23727.27,29000.0,-5272.73,2636.36,2636.36,0.0,true
❌ Anomaly,ebcc10f6-c07a-46f5-8984-ad7d4c524120,2026-03-08,GoFood - Delivery,84000.0,84000.0,0.0,24300.0,24300.0,0.0,43645.95,59700.0,-16054.05,8027.03,8027.03,0.0,true
❌ Anomaly,ef1f6c81-0fbe-491d-821d-701479c2a5fd,2026-03-08,GoFood - Delivery,85000.0,85000.0,0.0,24600.0,24600.0,0.0,44147.75,60400.0,-16252.25,8126.13,8126.13,0.0,true
❌ Anomaly,f0a2f646-4efe-4d6b-8818-0aea4b531863,2026-03-08,GoFood - Delivery,94000.0,94000.0,0.0,0.0,0.0,0.0,75963.96,94000.0,-18036.04,9018.02,9018.02,0.0,true
❌ Anomaly,f1bf1687-fbc0-4c77-aac1-098fdfdd0302,2026-03-08,GoFood - Delivery,117000.0,117000.0,0.0,11200.0,11200.0,0.0,83601.8,105800.0,-22198.2,11099.1,11099.1,0.0,true
❌ Anomaly,f238e13f-a8cb-4b5e-9d8e-1bca204059bb,2026-03-08,ShopeeFood,70000.0,70000.0,0.0,0.0,0.0,0.0,57272.73,70000.0,-12727.27,6363.64,6363.64,0.0,true
❌ Anomaly,f6193c1c-b614-4cb9-a2e3-5683de572f77,2026-03-08,BCA,36000.0,36000.0,0.0,0.0,0.0,0.0,29454.55,36000.0,-6545.45,3272.73,3272.73,0.0,true
❌ Anomaly,fbc3a2b1-aef2-4350-bf8d-c1e995e99d31,2026-03-08,GrabFood,48000.0,48000.0,0.0,0.0,10000.0,-10000.0,41090.91,38000.0,3090.91,3454.55,3454.55,0.0,true
❌ Anomaly,005de6c3-c138-4b3d-8eec-04f9205d38e5,2026-03-07,BRI,75000.0,75000.0,0.0,0.0,0.0,0.0,61363.64,75000.0,-13636.36,6818.18,6818.18,0.0,true
❌ Anomaly,00de4a1f-6653-4319-a05d-0136f3caa680,2026-03-07,GoFood - Delivery,156504.5,156504.5,0.0,45000.0,45000.0,0.0,82369.37,111504.5,-29135.14,14567.57,14567.57,0.0,true
❌ Anomaly,01b8c649-a66c-4250-bada-9537c8b4ef68,2026-03-07,GoFood - Delivery,117000.0,117000.0,0.0,33600.0,33600.0,0.0,61201.8,83400.0,-22198.2,11099.1,11099.1,0.0,true
❌ Anomaly,09894b69-433a-4b77-82d4-5f555ad0470b,2026-03-07,GoFood - Delivery,235000.0,235000.0,0.0,23000.0,23000.0,0.0,167405.41,212000.0,-44594.59,22297.3,22297.3,0.0,true
❌ Anomaly,0fb862c1-6fe7-4ca6-aa91-3ad7e14ebc4f,2026-03-07,GoFood - Delivery,79000.0,79000.0,0.0,0.0,0.0,0.0,63936.94,79000.0,-15063.06,7531.53,7531.53,0.0,true
❌ Anomaly,115cda11-6118-4faf-8dfd-127bcc213edb,2026-03-07,GoFood - Delivery,124000.0,124000.0,0.0,35700.0,35700.0,0.0,64714.41,88300.0,-23585.59,11792.79,11792.79,0.0,true
❌ Anomaly,135cf227-8f37-4ac5-9934-87d4a97e14a3,2026-03-07,GoFood - Delivery,125000.0,125000.0,0.0,12000.0,12000.0,0.0,89216.22,113000.0,-23783.78,11891.89,11891.89,0.0,true
❌ Anomaly,14ee7d2e-04be-40ac-91be-7c2962918126,2026-03-07,GoFood - Delivery,132000.0,132000.0,0.0,38100.0,38100.0,0.0,68728.83,93900.0,-25171.17,12585.59,12585.59,0.0,true
❌ Anomaly,173eb2bf-ee5a-4d9a-b250-95b0a7f0361e,2026-03-07,GoFood - Delivery,45000.0,45000.0,0.0,0.0,0.0,0.0,36675.68,45000.0,-8324.32,4162.16,4162.16,0.0,true
❌ Anomaly,2107e2ae-c9c5-453d-b382-2235f34ee4af,2026-03-07,GoFood - Delivery,69000.0,69000.0,0.0,0.0,0.0,0.0,55918.92,69000.0,-13081.08,6540.54,6540.54,0.0,true
❌ Anomaly,2a960987-96ff-40d8-8b4a-83d499328e87,2026-03-07,GoFood - Delivery,62000.0,62000.0,0.0,0.0,0.0,0.0,50306.31,62000.0,-11693.69,5846.85,5846.85,0.0,true
❌ Anomaly,2ce25022-5c19-4cc3-b0e9-27243b4fe164,2026-03-07,GoFood - Delivery,99000.0,99000.0,0.0,0.0,0.0,0.0,79972.97,99000.0,-19027.03,9513.51,9513.51,0.0,true
❌ Anomaly,2ef7a6b4-cf40-4095-b1e2-a998e9457df2,2026-03-07,BRI,36000.0,36000.0,0.0,0.0,0.0,0.0,29454.55,36000.0,-6545.45,3272.73,3272.73,0.0,true
❌ Anomaly,31826dd5-ad23-4ab9-8ff5-512d44579d80,2026-03-07,GoFood - Delivery,92000.0,92000.0,0.0,26700.0,26700.0,0.0,47660.36,65300.0,-17639.64,8819.82,8819.82,0.0,true
❌ Anomaly,39729674-89dc-4f9a-92d0-04ab49426e4a,2026-03-07,GoFood - Delivery,170000.0,170000.0,0.0,0.0,0.0,0.0,137297.3,170000.0,-32702.7,16351.35,16351.35,0.0,true
❌ Anomaly,3ad58ee5-64ec-4574-a796-e78b1f1eb8a9,2026-03-07,GoFood - Delivery,62000.0,62000.0,0.0,7700.0,7700.0,0.0,42606.31,54300.0,-11693.69,5846.85,5846.85,0.0,true
❌ Anomaly,400d6838-b185-4234-99d4-f9adcbd1a080,2026-03-07,GoFood - Delivery,52000.0,52000.0,0.0,0.0,0.0,0.0,42288.29,52000.0,-9711.71,4855.86,4855.86,0.0,true
❌ Anomaly,40a65362-4d3a-477d-9bd6-865536069374,2026-03-07,GoFood - Delivery,85000.0,85000.0,0.0,24600.0,24600.0,0.0,44147.75,60400.0,-16252.25,8126.13,8126.13,0.0,true
❌ Anomaly,41a8f1f5-bcd9-4d04-918c-5bf0a4483fd0,2026-03-07,GoFood - Delivery,169000.0,169000.0,0.0,40000.0,40000.0,0.0,96495.5,129000.0,-32504.5,16252.25,16252.25,0.0,true
❌ Anomaly,550b3b09-7360-4963-b915-22950d006392,2026-03-07,GoFood - Delivery,,117000.0,-117000.0,,33600.0,-33600.0,,83400.0,-83400.0,,11099.1,-11099.1,true
❌ Anomaly,5c6aaf13-d435-4d75-8af9-360346ea630c,2026-03-07,GoFood - Delivery,77000.0,77000.0,0.0,0.0,0.0,0.0,62333.33,77000.0,-14666.67,7333.33,7333.33,0.0,true
❌ Anomaly,6230e1dc-8a28-451d-9bd1-38d6ffa93853,2026-03-07,GoFood - Delivery,40000.0,40000.0,0.0,0.0,0.0,0.0,32666.67,40000.0,-7333.33,3666.67,3666.67,0.0,true
❌ Anomaly,6254a361-6fbc-4633-8410-b6955bd41178,2026-03-07,GoFood - Delivery,196000.0,196000.0,0.0,0.0,0.0,0.0,158144.14,196000.0,-37855.86,18927.93,18927.93,0.0,true
❌ Anomaly,658d3cf4-8aa2-48bb-a6db-577adfb027e6,2026-03-07,GoFood - Delivery,39000.0,39000.0,0.0,0.0,0.0,0.0,31864.86,39000.0,-7135.13,3567.57,3567.57,0.0,true
❌ Anomaly,673c4790-0d68-440d-973f-59649a03b637,2026-03-07,GoFood - Delivery,156000.0,156000.0,0.0,40000.0,40000.0,0.0,86072.07,116000.0,-29927.93,14963.96,14963.96,0.0,true
❌ Anomaly,6a89d11f-2532-42cc-8374-74d587892f6f,2026-03-07,GoFood - Delivery,,185000.0,-185000.0,,40000.0,-40000.0,,145000.0,-145000.0,,17837.84,-17837.84,true
❌ Anomaly,766ff7f9-be3e-47f8-9552-92d0658fffc3,2026-03-07,GoFood - Delivery,,77000.0,-77000.0,,0.0,0.0,,77000.0,-77000.0,,7333.33,-7333.33,true
❌ Anomaly,79f3d646-3414-4427-bbf5-2c285c1caac1,2026-03-07,BRI,51000.0,51000.0,0.0,0.0,0.0,0.0,41727.27,51000.0,-9272.73,4636.36,4636.36,0.0,true
❌ Anomaly,7e537eb8-4eb1-4dcf-b081-2721cc37f1b6,2026-03-07,GoFood - Delivery,141000.0,141000.0,0.0,40000.0,40000.0,0.0,74045.05,101000.0,-26954.95,13477.48,13477.48,0.0,true
❌ Anomaly,845939f4-9c47-4480-9515-3c8170364540,2026-03-07,GoFood - Delivery,91000.0,91000.0,0.0,26400.0,26400.0,0.0,47158.56,64600.0,-17441.44,8720.72,8720.72,0.0,true
❌ Anomaly,8bef864b-1231-4d73-b527-46e679eeeb53,2026-03-07,Other,33500.0,33500.0,0.0,0.0,15000.0,-15000.0,30136.36,18500.0,11636.36,1681.82,1681.82,0.0,true
❌ Anomaly,8fdc9fce-0ef0-42bb-94ae-1e41b4672b35,2026-03-07,GoFood - Delivery,,163000.0,-163000.0,,40000.0,-40000.0,,123000.0,-123000.0,,15657.66,-15657.66,true
❌ Anomaly,969400a0-e099-4d5b-ba33-15c41b045330,2026-03-07,GoFood - Delivery,,58000.0,-58000.0,,0.0,0.0,,58000.0,-58000.0,,5450.45,-5450.45,true
❌ Anomaly,97a07dfd-21e1-4c8d-80cc-1c5dc52e9cba,2026-03-07,QRIS,49000.0,49000.0,0.0,0.0,0.0,0.0,40090.91,49000.0,-8909.09,4454.55,4454.55,0.0,true
❌ Anomaly,99c92c78-2de9-4065-844c-09a8cc5c7d21,2026-03-07,GoFood - Delivery,113000.0,113000.0,0.0,32400.0,32400.0,0.0,59194.59,80600.0,-21405.41,10702.7,10702.7,0.0,true
❌ Anomaly,9f996f36-43f5-4e4f-b8e7-63448f79a960,2026-03-07,GoFood - Delivery,105000.0,105000.0,0.0,30000.0,30000.0,0.0,55180.18,75000.0,-19819.82,9909.91,9909.91,0.0,true
❌ Anomaly,a20e9f19-d133-4742-bd96-6b0d3834d1f2,2026-03-07,GoFood - Delivery,27000.0,27000.0,0.0,0.0,0.0,0.0,22243.24,27000.0,-4756.76,2378.38,2378.38,0.0,true
❌ Anomaly,b706004d-16eb-46ff-9122-fb6095d9066f,2026-03-07,QRIS,0.0,178000.0,-178000.0,0.0,0.0,0.0,0.0,178000.0,-178000.0,0.0,16181.82,-16181.82,true
❌ Anomaly,b9dbfaf2-1f09-410d-a1fe-e2f586f71336,2026-03-07,BRI,144000.0,144000.0,0.0,0.0,0.0,0.0,117818.18,144000.0,-26181.82,13090.91,13090.91,0.0,true
❌ Anomaly,c4808894-a94c-40f3-b7a6-d2008672cf6e,2026-03-07,BRI,74000.0,74000.0,0.0,0.0,0.0,0.0,60545.45,74000.0,-13454.55,6727.27,6727.27,0.0,true
❌ Anomaly,c4cb51a8-cb56-450c-97df-80647a1fd0cb,2026-03-07,GoFood - Delivery,41000.0,41000.0,0.0,0.0,0.0,0.0,33468.47,41000.0,-7531.53,3765.77,3765.77,0.0,true
❌ Anomaly,c7ee856d-4fb7-453a-87ae-bc5f7392beab,2026-03-07,GoFood - Delivery,57009.01,57009.01,0.0,10000.0,10000.0,0.0,38090.09,47009.01,-8918.92,4459.46,4459.46,0.0,true
❌ Anomaly,c806fb63-9e66-446d-b288-311924f4a9ea,2026-03-07,GrabFood - Delivery,129000.0,129000.0,0.0,0.0,0.0,0.0,105544.0,129000.0,-23456.0,11728.0,11728.0,0.0,true
❌ Anomaly,ce4e3712-d938-404c-940e-4f4ad31e77f9,2026-03-07,GoFood - Delivery,38000.0,38000.0,0.0,0.0,0.0,0.0,31063.06,38000.0,-6936.94,3468.47,3468.47,0.0,true
❌ Anomaly,cef9fc3c-1d7e-481b-a394-40118f2ecaf7,2026-03-07,GoFood - Delivery,84000.0,84000.0,0.0,24300.0,24300.0,0.0,43645.95,59700.0,-16054.05,8027.03,8027.03,0.0,true
❌ Anomaly,d07a1bd5-1448-4ea9-bd82-7e50ef18d76d,2026-03-07,GoFood - Delivery,92000.0,92000.0,0.0,26700.0,26700.0,0.0,47660.36,65300.0,-17639.64,8819.82,8819.82,0.0,true
❌ Anomaly,ea5c2f55-674a-45e3-ba15-b69a7265a776,2026-03-07,GoFood - Delivery,106000.0,106000.0,0.0,30300.0,30300.0,0.0,55681.98,75700.0,-20018.02,10009.01,10009.01,0.0,true
❌ Anomaly,f46e4751-fb05-4833-ab87-c3dc8a717d1f,2026-03-07,GoFood - Delivery,45000.0,45000.0,0.0,0.0,0.0,0.0,36675.68,45000.0,-8324.32,4162.16,4162.16,0.0,true
❌ Anomaly,f511274c-0249-417b-b537-37db2d54f551,2026-03-07,QRIS,99000.0,99000.0,0.0,0.0,0.0,0.0,81000.0,99000.0,-18000.0,9000.0,9000.0,0.0,true
❌ Anomaly,f695a7f1-e025-4e18-8c6e-8d27e8ec0562,2026-03-07,GoFood - Delivery,59000.0,59000.0,0.0,0.0,0.0,0.0,47900.9,59000.0,-11099.1,5549.55,5549.55,0.0,true
❌ Anomaly,f7378ea4-bd74-422b-be4d-f74b0760949e,2026-03-07,QRIS,120000.0,120000.0,0.0,0.0,0.0,0.0,98181.82,120000.0,-21818.18,10909.09,10909.09,0.0,true
❌ Anomaly,f89281b9-211a-4253-9d64-d32004e9d4c4,2026-03-07,GoFood - Delivery,,196000.0,-196000.0,,0.0,0.0,,196000.0,-196000.0,,18927.93,-18927.93,true
❌ Anomaly,f895a383-4934-4479-a333-b6768b187221,2026-03-07,GrabFood - Delivery,80000.0,80000.0,0.0,0.0,0.0,0.0,65454.0,80000.0,-14546.0,7273.0,7273.0,0.0,true
❌ Anomaly,00f679d9-71ec-4381-8f0b-4acf012b5a74,2026-03-06,GoFood - Delivery,118000.0,118000.0,0.0,33900.0,33900.0,0.0,61703.6,84100.0,-22396.4,11198.2,11198.2,0.0,true
❌ Anomaly,041978fd-d452-4532-88cd-098498fc051d,2026-03-06,GoFood - Delivery,84000.0,84000.0,0.0,24300.0,24300.0,0.0,43645.95,59700.0,-16054.05,8027.03,8027.03,0.0,true
❌ Anomaly,06b21af1-55ad-4a05-af13-ec9c7cf41b2e,2026-03-06,GoFood - Delivery,40000.0,40000.0,0.0,0.0,0.0,0.0,32666.67,40000.0,-7333.33,3666.67,3666.67,0.0,true
❌ Anomaly,08c52a26-450a-4663-b960-97395b819cb7,2026-03-06,GoFood - Delivery,96000.0,96000.0,0.0,0.0,0.0,0.0,77567.57,96000.0,-18432.43,9216.22,9216.22,0.0,true
❌ Anomaly,1bba5a5b-e42b-4b7c-879c-302c33991dd8,2026-03-06,GoFood - Delivery,63000.0,63000.0,0.0,0.0,0.0,0.0,51108.11,63000.0,-11891.89,5945.95,5945.95,0.0,true
❌ Anomaly,2268afdc-06e3-4c34-95b9-209b64cf9af7,2026-03-06,QRIS,76000.0,76000.0,0.0,0.0,0.0,0.0,62181.82,76000.0,-13818.18,6909.09,6909.09,0.0,true
❌ Anomaly,226d36ee-3a23-4449-b934-d89bb1f4b9e5,2026-03-06,QRIS,118000.0,118000.0,0.0,0.0,0.0,0.0,96545.45,118000.0,-21454.55,10727.27,10727.27,0.0,true
❌ Anomaly,239fa307-d8eb-4e66-bdae-29e223567448,2026-03-06,BRI,45000.0,45000.0,0.0,0.0,0.0,0.0,36818.18,45000.0,-8181.82,4090.91,4090.91,0.0,true
❌ Anomaly,262d4034-8bd2-4234-83b6-51f9bd1b26f4,2026-03-06,GoFood - Delivery,201000.0,201000.0,0.0,40000.0,40000.0,0.0,122153.15,161000.0,-38846.85,19423.42,19423.42,0.0,true
❌ Anomaly,2c8a90b7-9cb9-438d-ba59-e2e343ab60eb,2026-03-06,GoFood - Delivery,117000.0,117000.0,0.0,0.0,0.0,0.0,94801.8,117000.0,-22198.2,11099.1,11099.1,0.0,true
❌ Anomaly,3e1784db-7962-4372-ac55-e2d3c490630c,2026-03-06,GoFood - Delivery,76000.0,76000.0,0.0,0.0,0.0,0.0,61531.53,76000.0,-14468.47,7234.23,7234.23,0.0,true
❌ Anomaly,48774c44-ac7f-4431-bdb4-e2fb31c827fb,2026-03-06,GoFood - Delivery,63000.0,63000.0,0.0,0.0,0.0,0.0,51108.11,63000.0,-11891.89,5945.95,5945.95,0.0,true
❌ Anomaly,49e3dc47-0892-4e82-8ff8-50edd9d32c1e,2026-03-06,BRI,38000.0,38000.0,0.0,0.0,0.0,0.0,31090.91,38000.0,-6909.09,3454.55,3454.55,0.0,true
❌ Anomaly,535e1ba7-22aa-4cac-8821-de748a4a20fc,2026-03-06,QRIS,42000.0,42000.0,0.0,0.0,0.0,0.0,34363.64,42000.0,-7636.36,3818.18,3818.18,0.0,true
❌ Anomaly,550c4273-12e7-4dda-b6d8-5eee6c7342de,2026-03-06,BRI,38000.0,38000.0,0.0,0.0,0.0,0.0,31090.91,38000.0,-6909.09,3454.55,3454.55,0.0,true
❌ Anomaly,56d114f0-f128-437c-8a24-7c42f41e42f5,2026-03-06,GoFood - Delivery,,106000.0,-106000.0,,0.0,0.0,,106000.0,-106000.0,,10009.01,-10009.01,true
❌ Anomaly,6083c855-4e48-40b4-a99e-99eefd4f7f97,2026-03-06,BRI,78000.0,78000.0,0.0,0.0,0.0,0.0,63818.18,78000.0,-14181.82,7090.91,7090.91,0.0,true
❌ Anomaly,6b2b1725-ec0c-410d-a34a-4cacf7f51337,2026-03-06,GoFood - Delivery,68000.0,68000.0,0.0,0.0,0.0,0.0,55117.12,68000.0,-12882.88,6441.44,6441.44,0.0,true
❌ Anomaly,6f643b24-959a-481c-bee5-f3f93f808d17,2026-03-06,GoFood - Delivery,65000.0,65000.0,0.0,0.0,0.0,0.0,52711.71,65000.0,-12288.29,6144.14,6144.14,0.0,true
❌ Anomaly,7e5115ad-fb16-490f-a339-a89242066087,2026-03-06,QRIS,37000.0,37000.0,0.0,0.0,0.0,0.0,30272.73,37000.0,-6727.27,3363.64,3363.64,0.0,true
❌ Anomaly,7f3494cc-3b4e-459e-b28d-0c344a0e8647,2026-03-06,BRI,64454.55,64454.55,0.0,0.0,15454.55,-15454.55,55545.45,49000.0,6545.45,4454.55,4454.55,0.0,true
❌ Anomaly,88649d32-9079-42f4-b58d-304f6928f267,2026-03-06,BRI,51000.0,51000.0,0.0,0.0,0.0,0.0,41727.27,51000.0,-9272.73,4636.36,4636.36,0.0,true
❌ Anomaly,8b3f4848-0f4c-4ae6-9a3a-0456aafef57c,2026-03-06,BRI,64000.0,64000.0,0.0,0.0,0.0,0.0,52363.64,64000.0,-11636.36,5818.18,5818.18,0.0,true
❌ Anomaly,8cd41002-15da-4821-b895-545585c9a050,2026-03-06,QRIS,26000.0,26000.0,0.0,0.0,0.0,0.0,21272.73,26000.0,-4727.27,2363.64,2363.64,0.0,true
❌ Anomaly,900c8f21-b9cc-4fa0-869f-3bdbc1472aa0,2026-03-06,GoFood - Delivery,133351.35,133351.35,0.0,80700.0,80700.0,0.0,36993.69,52651.35,-15657.66,7828.83,7828.83,0.0,true
❌ Anomaly,947ac4b3-f2b6-44e8-aa8f-7763569df19f,2026-03-06,GoFood - Delivery,,81000.0,-81000.0,,23400.0,-23400.0,,57600.0,-57600.0,,7729.73,-7729.73,true
❌ Anomaly,99a3701c-f7bb-459b-91eb-54b6e2ba9f6e,2026-03-06,BRI,66272.73,66272.73,0.0,0.0,17272.73,-17272.73,57363.64,49000.0,8363.64,4454.55,4454.55,0.0,true
❌ Anomaly,aee1782e-a9a3-4409-89e0-363a6cba3601,2026-03-06,GoFood - Delivery,,94000.0,-94000.0,,0.0,0.0,,94000.0,-94000.0,,9018.02,-9018.02,true
❌ Anomaly,c6f15146-7820-40b9-9a51-9e0215355d84,2026-03-06,BRI,29000.0,29000.0,0.0,0.0,0.0,0.0,23727.27,29000.0,-5272.73,2636.36,2636.36,0.0,true
❌ Anomaly,ca0a4b87-2486-41b5-99a5-a2c85e253b8b,2026-03-06,GrabFood - Delivery,27000.0,27000.0,0.0,0.0,0.0,0.0,22090.0,27000.0,-4910.0,2455.0,2455.0,0.0,true
❌ Anomaly,d3b0b06e-fa10-47b9-b424-e2d252270a80,2026-03-06,GoFood - Delivery,189000.0,189000.0,0.0,40000.0,40000.0,0.0,112531.53,149000.0,-36468.47,18234.23,18234.23,0.0,true
❌ Anomaly,d6e7fe49-dc55-4a6c-8176-91b151214ddf,2026-03-06,QRIS,45000.0,45000.0,0.0,0.0,0.0,0.0,36818.18,45000.0,-8181.82,4090.91,4090.91,0.0,true
❌ Anomaly,daa23c3e-e1f1-40c9-be05-5c6e2f41d2d5,2026-03-06,GoFood - Delivery,305000.0,305000.0,0.0,40000.0,40000.0,0.0,206531.53,265000.0,-58468.47,29234.23,29234.23,0.0,true
❌ Anomaly,dc47a5b4-8242-4fb5-8b7c-7d36cde60a24,2026-03-06,GoFood - Delivery,115000.0,115000.0,0.0,0.0,0.0,0.0,93198.2,115000.0,-21801.8,10900.9,10900.9,0.0,true
❌ Anomaly,e1a002eb-660f-4f2b-aabc-0bff54ac86fe,2026-03-06,GoFood - Delivery,133351.35,133351.35,0.0,80700.0,80700.0,0.0,36993.69,52651.35,-15657.66,7828.83,7828.83,0.0,true
❌ Anomaly,e816ab92-581c-4b5e-9883-b1057c902f81,2026-03-06,GoFood - Delivery,55000.0,55000.0,0.0,0.0,0.0,0.0,44693.69,55000.0,-10306.31,5153.15,5153.15,0.0,true
❌ Anomaly,ffdb4c50-7820-456b-8a55-0f541613ba97,2026-03-06,GoFood - Delivery,,88000.0,-88000.0,,25500.0,-25500.0,,62500.0,-62500.0,,8423.42,-8423.42,true
❌ Anomaly,0b60e8d6-50b1-4528-97e3-f33f04b11b28,2026-03-05,BCA,,72000.0,-72000.0,,0.0,0.0,,72000.0,-72000.0,,6545.45,-6545.45,true
❌ Anomaly,2162f13c-45ec-48c7-b187-4236ed0566d9,2026-03-05,GrabFood - Delivery,86000.0,86000.0,0.0,0.0,0.0,0.0,70362.0,86000.0,-15638.0,7819.0,7819.0,0.0,true
❌ Anomaly,265a96b7-1a71-41f0-9579-e347f6db96bb,2026-03-05,GoFood - Delivery,110000.0,110000.0,0.0,31500.0,31500.0,0.0,57689.19,78500.0,-20810.81,10405.41,10405.41,0.0,true
❌ Anomaly,2ff20780-8939-438f-8c62-e840743426c8,2026-03-05,GoFood - Delivery,177000.0,177000.0,0.0,40000.0,40000.0,0.0,102909.91,137000.0,-34090.09,17045.04,17045.04,0.0,true
❌ Anomaly,39a9a335-4c62-4f04-b09f-50d646e8f64c,2026-03-05,GoFood - Delivery,67000.0,67000.0,0.0,0.0,0.0,0.0,54315.32,67000.0,-12684.68,6342.34,6342.34,0.0,true
❌ Anomaly,485d5e6b-3d4f-4504-bc72-581fca1c6663,2026-03-05,GoFood - Delivery,146000.0,146000.0,0.0,0.0,0.0,0.0,118054.05,146000.0,-27945.95,13972.97,13972.97,0.0,true
❌ Anomaly,7a4698da-b2e5-4308-8786-50dd02206523,2026-03-05,GrabFood - Delivery,32000.0,32000.0,0.0,0.0,0.0,0.0,26182.0,32000.0,-5818.0,2909.0,2909.0,0.0,true
❌ Anomaly,8b53f986-5210-4596-ade8-72e5ba02a839,2026-03-05,GoFood - Delivery,,43000.0,-43000.0,,0.0,0.0,,43000.0,-43000.0,,3963.96,-3963.96,true
❌ Anomaly,9d06be1d-30b9-44da-9cf2-0e3f668aad0f,2026-03-05,GrabFood - Delivery,40000.0,40000.0,0.0,0.0,0.0,0.0,32726.0,40000.0,-7274.0,3637.0,3637.0,0.0,true
❌ Anomaly,aa1f1d42-2579-4d71-8427-74d9617f48dd,2026-03-05,GoFood - Delivery,51000.0,51000.0,0.0,0.0,0.0,0.0,41486.49,51000.0,-9513.51,4756.76,4756.76,0.0,true
❌ Anomaly,b146a586-e00f-4180-9f48-d8799ddb60ae,2026-03-05,GrabFood - Delivery,73200.0,73200.0,0.0,0.0,0.0,0.0,59890.0,73200.0,-13310.0,6655.0,6655.0,0.0,true
❌ Anomaly,cb5364df-a50b-4362-a996-d0131852fa5c,2026-03-05,GoFood - Delivery,49000.0,49000.0,0.0,16600.0,16600.0,0.0,23282.88,32400.0,-9117.12,4558.56,4558.56,0.0,true
❌ Anomaly,ceca8396-33c0-4fd5-bbf1-373c372f2892,2026-03-05,GoFood - Delivery,63000.0,63000.0,0.0,0.0,0.0,0.0,51108.11,63000.0,-11891.89,5945.95,5945.95,0.0,true
❌ Anomaly,da506932-8399-4247-88bc-2ed5999137e9,2026-03-05,GoFood - Delivery,117621.62,117621.62,0.0,24000.0,24000.0,0.0,75189.19,93621.62,-18432.43,9216.22,9216.22,0.0,true
❌ Anomaly,daa289f9-b15e-47d3-96e6-908f102770d2,2026-03-05,GoFood - Delivery,43000.0,43000.0,0.0,0.0,0.0,0.0,35072.07,43000.0,-7927.93,3963.96,3963.96,0.0,true
❌ Anomaly,dd3779a2-e06f-4ed8-9cd8-5b17675e49b1,2026-03-05,GoFood - Delivery,,49000.0,-49000.0,,16600.0,-16600.0,,32400.0,-32400.0,,4558.56,-4558.56,true
❌ Anomaly,047d7694-3ea7-4ab9-a3a3-060895cca925,2026-03-04,GrabFood - Delivery,44000.0,44000.0,0.0,0.0,0.0,0.0,36000.0,44000.0,-8000.0,4000.0,4000.0,0.0,true
❌ Anomaly,0902b3f2-81cc-461b-bd7f-5defad3c3b62,2026-03-04,GoFood - Delivery,128000.0,128000.0,0.0,0.0,0.0,0.0,103621.62,128000.0,-24378.38,12189.19,12189.19,0.0,true
❌ Anomaly,103d2a29-8641-4dce-9b84-ed200b3cf0ea,2026-03-04,GrabFood - Delivery,75000.0,75000.0,0.0,0.0,0.0,0.0,61362.0,75000.0,-13638.0,6819.0,6819.0,0.0,true
❌ Anomaly,1077ce29-a282-4978-a46c-34778e2884f8,2026-03-04,GoFood - Delivery,93000.0,93000.0,0.0,27000.0,27000.0,0.0,48162.16,66000.0,-17837.84,8918.92,8918.92,0.0,true
❌ Anomaly,1bb651f6-6283-4f88-ae74-e8dbc6b4a08c,2026-03-04,GrabFood - Delivery,201000.0,201000.0,0.0,0.0,0.0,0.0,164452.0,201000.0,-36548.0,18274.0,18274.0,0.0,true
❌ Anomaly,1bf2a423-7552-4962-a187-273db7f3dcd4,2026-03-04,GrabFood - Delivery,106000.0,106000.0,0.0,0.0,0.0,0.0,86726.0,106000.0,-19274.0,9637.0,9637.0,0.0,true
❌ Anomaly,2989faba-b530-42e9-8a88-4d0ed00cac68,2026-03-04,GoFood - Delivery,126000.0,126000.0,0.0,36300.0,36300.0,0.0,65718.02,89700.0,-23981.98,11990.99,11990.99,0.0,true
❌ Anomaly,3160c22a-3d73-4e6d-99d8-6bc4d9236937,2026-03-04,GoFood - Delivery,113000.0,113000.0,0.0,32400.0,32400.0,0.0,59194.59,80600.0,-21405.41,10702.7,10702.7,0.0,true
❌ Anomaly,3770e955-97ac-41ad-8ec6-35df41cafb79,2026-03-04,GoFood - Delivery,95000.0,95000.0,0.0,0.0,0.0,0.0,76765.77,95000.0,-18234.23,9117.12,9117.12,0.0,true
❌ Anomaly,48ddc9df-faa9-4bc8-8f83-944c709f4ec0,2026-03-04,GoFood - Delivery,85000.0,85000.0,0.0,24600.0,24600.0,0.0,44147.75,60400.0,-16252.25,8126.13,8126.13,0.0,true
❌ Anomaly,4939f410-11c3-4a9e-afe9-f1d15d898e9a,2026-03-04,GrabFood - Delivery,27000.0,27000.0,0.0,0.0,0.0,0.0,22090.0,27000.0,-4910.0,2455.0,2455.0,0.0,true
❌ Anomaly,49590f8b-a36b-46cf-b5e7-5a55004a4257,2026-03-04,GrabFood - Delivery,82700.0,82700.0,0.0,0.0,0.0,0.0,67662.0,82700.0,-15038.0,7519.0,7519.0,0.0,true
❌ Anomaly,4e539e8d-b1a0-4d61-9615-966213b875f8,2026-03-04,GoFood - Delivery,83009.01,83009.01,0.0,10000.0,10000.0,0.0,58936.94,73009.01,-14072.07,7036.04,7036.04,0.0,true
❌ Anomaly,53276b82-381d-4f8d-b669-236a74c53384,2026-03-04,GrabFood - Delivery,54000.0,54000.0,0.0,0.0,0.0,0.0,44180.0,54000.0,-9820.0,4910.0,4910.0,0.0,true
❌ Anomaly,5558c0a8-a46b-462f-aff6-417dfef3f417,2026-03-04,GrabFood - Delivery,99001.0,99001.0,0.0,0.0,0.0,0.0,80999.0,99001.0,-18002.0,9001.0,9001.0,0.0,true
❌ Anomaly,57db4a14-611c-49d6-a9bb-92ce56a2c235,2026-03-04,GrabFood - Delivery,109000.0,109000.0,0.0,0.0,0.0,0.0,89180.0,109000.0,-19820.0,9910.0,9910.0,0.0,true
❌ Anomaly,5848f723-3caf-4ef2-baab-80629f141713,2026-03-04,GrabFood - Delivery,,218003.0,-218003.0,,0.0,0.0,,218003.0,-218003.0,,19820.0,-19820.0,true
❌ Anomaly,650f0d34-b747-4a3e-9d31-84aee49ae5e2,2026-03-04,GrabFood - Delivery,114000.0,114000.0,0.0,0.0,0.0,0.0,93272.0,114000.0,-20728.0,10364.0,10364.0,0.0,true
❌ Anomaly,666e3071-fbca-48c9-9d50-ec134bfaa05c,2026-03-04,GrabFood - Delivery,41000.0,41000.0,0.0,0.0,0.0,0.0,33546.0,41000.0,-7454.0,3727.0,3727.0,0.0,true
❌ Anomaly,749cc202-b461-4001-9ce7-a2d42c676635,2026-03-04,GoFood - Delivery,89000.0,89000.0,0.0,0.0,0.0,0.0,71954.95,89000.0,-17045.04,8522.52,8522.52,0.0,true
❌ Anomaly,77d3bc6d-ffed-403e-9261-e3f999da0fa9,2026-03-04,GoFood - Delivery,81000.0,81000.0,0.0,0.0,0.0,0.0,65540.54,81000.0,-15459.46,7729.73,7729.73,0.0,true
❌ Anomaly,918ee5ca-5c50-4d6b-9609-6d243789d724,2026-03-04,GoFood - Delivery,47000.0,47000.0,0.0,0.0,0.0,0.0,38279.28,47000.0,-8720.72,4360.36,4360.36,0.0,true
❌ Anomaly,a1bde649-81da-4b3f-9926-588e0298996a,2026-03-04,GrabFood - Delivery,58001.0,58001.0,0.0,0.0,0.0,0.0,47455.0,58001.0,-10546.0,5273.0,5273.0,0.0,true
❌ Anomaly,bf05bdd2-91e2-454e-98bd-a69d1c83e9fb,2026-03-04,GrabFood - Delivery,38000.0,38000.0,0.0,0.0,0.0,0.0,31090.0,38000.0,-6910.0,3455.0,3455.0,0.0,true
❌ Anomaly,c2765211-df65-404b-95fb-b174ff0524e4,2026-03-04,GrabFood - Delivery,43000.0,43000.0,0.0,0.0,0.0,0.0,35182.0,43000.0,-7818.0,3909.0,3909.0,0.0,true
❌ Anomaly,ce87f39b-9f71-4701-bccd-f303c54254a4,2026-03-04,GrabFood - Delivery,33001.0,33001.0,0.0,0.0,0.0,0.0,26999.0,33001.0,-6002.0,3001.0,3001.0,0.0,true
❌ Anomaly,d26297d7-f3c2-4f05-be53-14f451acccc7,2026-03-04,GrabFood - Delivery,142000.0,142000.0,0.0,0.0,0.0,0.0,116180.0,142000.0,-25820.0,12910.0,12910.0,0.0,true
❌ Anomaly,d98058ab-4358-48ce-91c3-f3519c1b94fc,2026-03-04,GrabFood - Delivery,60000.0,60000.0,0.0,0.0,0.0,0.0,49090.0,60000.0,-10910.0,5455.0,5455.0,0.0,true
❌ Anomaly,eb57bc03-4d77-4a55-b400-822feb349036,2026-03-04,Cash,,73000.0,-73000.0,,0.0,0.0,,73000.0,-73000.0,,6636.36,-6636.36,true
❌ Anomaly,ebb7d67b-0aa2-411a-b889-93e8993159c2,2026-03-04,GrabFood - Delivery,63000.0,63000.0,0.0,0.0,0.0,0.0,51544.0,63000.0,-11456.0,5728.0,5728.0,0.0,true
❌ Anomaly,1974a91c-d113-4a7c-9d6e-365dabc7318a,2026-03-03,GrabFood - Delivery,40000.0,40000.0,0.0,0.0,0.0,0.0,32726.0,40000.0,-7274.0,3637.0,3637.0,0.0,true
❌ Anomaly,39405cf5-5ab1-44c7-bd94-c2bab5973309,2026-03-03,GoFood - Delivery,265702.7,265702.7,0.0,114000.0,114000.0,0.0,120387.39,151702.7,-31315.32,15657.66,15657.66,0.0,true
❌ Anomaly,43939f5e-cc30-4b7d-8284-a1ad3d4812b8,2026-03-03,GrabFood - Delivery,46000.0,46000.0,0.0,0.0,0.0,0.0,37636.0,46000.0,-8364.0,4182.0,4182.0,0.0,true
❌ Anomaly,489b3e5c-65e8-46c9-92c8-e43ea8733665,2026-03-03,GoFood - Delivery,94009.01,94009.01,0.0,34600.0,34600.0,0.0,43156.76,59409.01,-16252.25,8126.13,8126.13,0.0,true
❌ Anomaly,92d25dc5-efcd-4ab4-851a-2c93bd3351f6,2026-03-03,GrabFood - Delivery,34000.0,34000.0,0.0,0.0,0.0,0.0,27818.0,34000.0,-6182.0,3091.0,3091.0,0.0,true
❌ Anomaly,96c4c66e-3008-409b-ae9b-ab36cde0c865,2026-03-03,GoFood - Delivery,43000.0,43000.0,0.0,0.0,0.0,0.0,35072.07,43000.0,-7927.93,3963.96,3963.96,0.0,true
❌ Anomaly,98ac915e-318e-4f2a-ab83-04056959df16,2026-03-03,GrabFood - Delivery,53000.0,53000.0,0.0,0.0,0.0,0.0,43364.0,53000.0,-9636.0,4818.0,4818.0,0.0,true
❌ Anomaly,9a2cce09-81f9-4e2c-8354-381322951baa,2026-03-03,GrabFood - Delivery,142000.0,142000.0,0.0,0.0,0.0,0.0,116184.0,142000.0,-25816.0,12908.0,12908.0,0.0,true
❌ Anomaly,b54b6d57-f391-4011-9a05-21fc2bdca8c7,2026-03-03,GoFood - Delivery,133351.35,133351.35,0.0,80700.0,80700.0,0.0,36993.69,52651.35,-15657.66,7828.83,7828.83,0.0,true
❌ Anomaly,cb3dc3cc-b04e-442f-a558-ba085a1d004f,2026-03-03,GrabFood - Delivery,175001.0,175001.0,0.0,0.0,0.0,0.0,143179.0,175001.0,-31822.0,15911.0,15911.0,0.0,true
❌ Anomaly,ce1c74eb-8a6e-4147-80a1-85b383bc3090,2026-03-03,GrabFood - Delivery,39000.0,39000.0,0.0,0.0,0.0,0.0,31908.0,39000.0,-7092.0,3546.0,3546.0,0.0,true
❌ Anomaly,d56adf3f-db8c-4bc0-bc33-a11bca4f9f12,2026-03-03,GoFood - Delivery,210000.0,210000.0,0.0,0.0,0.0,0.0,170360.36,210000.0,-39639.64,19819.82,19819.82,0.0,true
❌ Anomaly,e5669698-c33a-4975-b73f-f90c2f28bccb,2026-03-03,GrabFood - Delivery,76001.0,76001.0,0.0,0.0,0.0,0.0,62181.0,76001.0,-13820.0,6910.0,6910.0,0.0,true
❌ Anomaly,017a1a2b-209d-4443-8a97-83215b3e5f63,2026-03-02,GrabFood - Delivery,141000.0,141000.0,0.0,0.0,0.0,0.0,115362.0,141000.0,-25638.0,12819.0,12819.0,0.0,true
❌ Anomaly,0499c9e0-04a9-402b-8108-75a5e5c7e14b,2026-03-02,GoFood - Delivery,44000.0,44000.0,0.0,0.0,0.0,0.0,35873.87,44000.0,-8126.13,4063.06,4063.06,0.0,true
❌ Anomaly,203b62c0-7445-4019-8c7d-72a78547ccfa,2026-03-02,GoFood - Delivery,183000.0,183000.0,0.0,40000.0,40000.0,0.0,107720.72,143000.0,-35279.28,17639.64,17639.64,0.0,true
❌ Anomaly,3442e3ad-f690-4275-8dc5-21af5d4fac2f,2026-03-02,GoFood - Delivery,97000.0,97000.0,0.0,28200.0,28200.0,0.0,50169.37,68800.0,-18630.63,9315.32,9315.32,0.0,true
❌ Anomaly,61a4864a-c92d-43b6-b545-12d5b120689c,2026-03-02,GoFood - Delivery,150351.35,150351.35,0.0,57000.0,57000.0,0.0,74324.32,93351.35,-19027.03,9513.51,9513.51,0.0,true
❌ Anomaly,62e0fdb4-55f7-452f-b90b-6e5975ebc997,2026-03-02,GrabFood - Delivery,68000.0,68000.0,0.0,0.0,0.0,0.0,55634.0,68000.0,-12366.0,6183.0,6183.0,0.0,true
❌ Anomaly,72c847e4-77e5-4dde-a366-c2e8de9e2489,2026-03-02,GoFood - Delivery,112000.0,112000.0,0.0,32100.0,32100.0,0.0,58692.79,79900.0,-21207.21,10603.6,10603.6,0.0,true
❌ Anomaly,973a3b07-3261-48e7-b0d2-9d00f873f72d,2026-03-02,GrabFood - Delivery,49001.0,49001.0,0.0,0.0,0.0,0.0,40089.0,49001.0,-8912.0,4456.0,4456.0,0.0,true
❌ Anomaly,a955a2a2-6910-4a59-9528-d91d92cea99c,2026-03-02,GoFood - Delivery,43000.0,43000.0,0.0,0.0,0.0,0.0,35072.07,43000.0,-7927.93,3963.96,3963.96,0.0,true
❌ Anomaly,a9f1ff00-af9d-4d71-b4e2-234ae65990f4,2026-03-02,GoFood - Delivery,36000.0,36000.0,0.0,0.0,0.0,0.0,29459.46,36000.0,-6540.54,3270.27,3270.27,0.0,true
❌ Anomaly,ad4479f6-ca82-42d0-9b34-6f68110f8712,2026-03-02,GoFood - Delivery,,119000.0,-119000.0,,0.0,0.0,,119000.0,-119000.0,,11297.3,-11297.3,true
❌ Anomaly,b1064347-c1f7-4b6a-b9f2-fb2c46f59e06,2026-03-02,GoFood - Delivery,87000.0,87000.0,0.0,25200.0,25200.0,0.0,45151.35,61800.0,-16648.65,8324.32,8324.32,0.0,true
❌ Anomaly,bb10d44b-4f8f-4223-bfbd-efbee980151a,2026-03-02,GoFood - Delivery,54000.0,54000.0,0.0,0.0,0.0,0.0,43891.89,54000.0,-10108.11,5054.05,5054.05,0.0,true
❌ Anomaly,bef62cc8-ac41-456a-a86f-33a9aff41ec4,2026-03-02,GrabFood - Delivery,183000.0,183000.0,0.0,0.0,0.0,0.0,149726.0,183000.0,-33274.0,16637.0,16637.0,0.0,true
❌ Anomaly,d76592bd-bd9b-44a4-b853-c8b5779c69c5,2026-03-02,GrabFood - Delivery,53001.0,53001.0,0.0,0.0,0.0,0.0,43363.0,53001.0,-9638.0,4819.0,4819.0,0.0,true
❌ Anomaly,e9a86a0b-e1cb-4f93-867d-a45bedd15db3,2026-03-02,GoFood - Delivery,,183000.0,-183000.0,,40000.0,-40000.0,,143000.0,-143000.0,,17639.64,-17639.64,true
❌ Anomaly,f1249265-c8a2-45a6-aa24-317771137aee,2026-03-02,GoFood - Delivery,78000.0,78000.0,0.0,0.0,0.0,0.0,63135.14,78000.0,-14864.86,7432.43,7432.43,0.0,true
❌ Anomaly,f3f98d09-dc50-44a1-ae4e-d73c286ca9c4,2026-03-02,GoFood - Delivery,133351.35,133351.35,0.0,57000.0,57000.0,0.0,60693.69,76351.35,-15657.66,7828.83,7828.83,0.0,true
❌ Anomaly,febd3f20-f2f1-4f7b-aa99-59461761feaa,2026-03-02,GrabFood - Delivery,35000.0,35000.0,0.0,0.0,0.0,0.0,28636.0,35000.0,-6364.0,3182.0,3182.0,0.0,true
❌ Anomaly,053fb60d-46d2-4e6c-8a82-3b4e2a865c4f,2026-03-01,GoFood - Delivery,157621.62,157621.62,0.0,63300.0,63300.0,0.0,68357.66,94321.62,-25963.96,12981.98,12981.98,0.0,true
❌ Anomaly,0f23e9e4-b436-48c1-9115-32e4549bb8d8,2026-03-01,GrabFood - Delivery,61000.0,61000.0,0.0,0.0,0.0,0.0,49910.0,61000.0,-11090.0,5545.0,5545.0,0.0,true
❌ Anomaly,1b3895af-8bef-4208-a942-52faf1eafb0b,2026-03-01,GoFood - Delivery,82000.0,82000.0,0.0,23700.0,23700.0,0.0,42642.34,58300.0,-15657.66,7828.83,7828.83,0.0,true
❌ Anomaly,1f6e4065-c1f5-4c7a-8c3d-9554eb01ea3c,2026-03-01,GrabFood - Delivery,56000.0,56000.0,0.0,0.0,0.0,0.0,45818.0,56000.0,-10182.0,5091.0,5091.0,0.0,true
❌ Anomaly,205cc075-6a45-443f-af43-d45ad40a730c,2026-03-01,GoFood - Delivery,38000.0,38000.0,0.0,0.0,0.0,0.0,31063.06,38000.0,-6936.94,3468.47,3468.47,0.0,true
❌ Anomaly,235c2027-e765-4952-914a-6bad9caee9e7,2026-03-01,GoFood - Delivery,176000.0,176000.0,0.0,0.0,0.0,0.0,142108.11,176000.0,-33891.89,16945.95,16945.95,0.0,true
❌ Anomaly,3864d078-8780-485b-a67a-3a61f168500b,2026-03-01,GoFood - Delivery,102000.0,102000.0,0.0,29700.0,29700.0,0.0,52678.38,72300.0,-19621.62,9810.81,9810.81,0.0,true
❌ Anomaly,3bf57446-d281-448e-bbe6-c34b97ee1052,2026-03-01,GrabFood - Delivery,39000.0,39000.0,0.0,0.0,0.0,0.0,31908.0,39000.0,-7092.0,3546.0,3546.0,0.0,true
❌ Anomaly,40e96b91-0c47-4faf-a66d-26551be8507e,2026-03-01,GoFood - Delivery,88000.0,88000.0,0.0,25500.0,25500.0,0.0,45653.15,62500.0,-16846.85,8423.42,8423.42,0.0,true
❌ Anomaly,47bd8f43-e9b6-4ef9-8e85-fe9123062e27,2026-03-01,GrabFood - Delivery,34000.0,34000.0,0.0,0.0,0.0,0.0,27818.0,34000.0,-6182.0,3091.0,3091.0,0.0,true
❌ Anomaly,49091e21-d545-489c-9bd9-0c8703cbd37a,2026-03-01,GoFood - Delivery,,88000.0,-88000.0,,25500.0,-25500.0,,62500.0,-62500.0,,8423.42,-8423.42,true
❌ Anomaly,4970f91b-8d65-4a07-8cdd-ba9426069e1a,2026-03-01,GoFood - Delivery,193000.0,193000.0,0.0,40000.0,40000.0,0.0,115738.74,153000.0,-37261.26,18630.63,18630.63,0.0,true
❌ Anomaly,55cf1445-2a10-4170-a384-a2fd5464cec2,2026-03-01,GrabFood - Delivery,51000.0,51000.0,0.0,0.0,0.0,0.0,41726.0,51000.0,-9274.0,4637.0,4637.0,0.0,true
❌ Anomaly,5d2a379e-624d-4dd7-9f88-590d31bc3b18,2026-03-01,GrabFood - Delivery,107000.0,107000.0,0.0,0.0,0.0,0.0,87542.0,107000.0,-19458.0,9729.0,9729.0,0.0,true
❌ Anomaly,666519ca-90f6-4565-bc15-2d9f356d22fe,2026-03-01,GoFood - Delivery,108000.0,108000.0,0.0,30900.0,30900.0,0.0,56685.59,77100.0,-20414.41,10207.21,10207.21,0.0,true
❌ Anomaly,704e737d-00cb-4f81-bc18-d9490227bdbe,2026-03-01,GoFood - Delivery,122000.0,122000.0,0.0,35100.0,35100.0,0.0,63710.81,86900.0,-23189.19,11594.59,11594.59,0.0,true
❌ Anomaly,75c47e31-6d7f-4db7-bf2a-aa9dcfa0c5f3,2026-03-01,GrabFood - Delivery,61000.0,61000.0,0.0,0.0,0.0,0.0,49908.0,61000.0,-11092.0,5546.0,5546.0,0.0,true
❌ Anomaly,7f16d8f9-5cdc-408c-974b-d5796af46828,2026-03-01,GrabFood - Delivery,41000.0,41000.0,0.0,0.0,0.0,0.0,33546.0,41000.0,-7454.0,3727.0,3727.0,0.0,true
❌ Anomaly,8cda794f-95a6-47cb-b9e6-289b3e2ff35f,2026-03-01,GoFood - Delivery,119000.0,119000.0,0.0,34200.0,34200.0,0.0,62205.41,84800.0,-22594.59,11297.3,11297.3,0.0,true
❌ Anomaly,90a4bc56-696f-464f-be55-0bcab3814cf3,2026-03-01,GrabFood - Delivery,113000.0,113000.0,0.0,0.0,0.0,0.0,92452.0,113000.0,-20548.0,10274.0,10274.0,0.0,true
❌ Anomaly,92d12f8c-01bb-4368-92ac-24023b4c90b4,2026-03-01,GrabFood - Delivery,48000.0,48000.0,0.0,0.0,0.0,0.0,39272.0,48000.0,-8728.0,4364.0,4364.0,0.0,true
❌ Anomaly,97c5cd1a-4060-4bd4-836e-0f1ab162f797,2026-03-01,GrabFood - Delivery,196000.0,196000.0,0.0,0.0,0.0,0.0,160362.0,196000.0,-35638.0,17819.0,17819.0,0.0,true
❌ Anomaly,a4991ef1-6c2a-4338-9dac-afbbc7c836e9,2026-03-01,GrabFood - Delivery,77000.0,77000.0,0.0,0.0,0.0,0.0,63000.0,77000.0,-14000.0,7000.0,7000.0,0.0,true
❌ Anomaly,ad2ef514-64a0-4a2a-9c52-74f700e6a2a8,2026-03-01,GrabFood - Delivery,81000.0,81000.0,0.0,0.0,0.0,0.0,66272.0,81000.0,-14728.0,7364.0,7364.0,0.0,true
❌ Anomaly,be0b589f-6049-4f60-90f4-72163d3cd59c,2026-03-01,GrabFood - Delivery,63000.0,63000.0,0.0,0.0,0.0,0.0,51544.0,63000.0,-11456.0,5728.0,5728.0,0.0,true
❌ Anomaly,e078a786-50de-4b71-b6a2-61da3477fff1,2026-03-01,GrabFood - Delivery,46001.0,46001.0,0.0,0.0,0.0,0.0,37635.0,46001.0,-8366.0,4183.0,4183.0,0.0,true
❌ Anomaly,f77833a0-20ae-4a9c-b292-1416dbd47a20,2026-03-01,GoFood - Delivery,84000.0,84000.0,0.0,24300.0,24300.0,0.0,43645.95,59700.0,-16054.05,8027.03,8027.03,0.0,true